,name,min,max,mean,std
1,UPB,100.00173926810976,12811.783164897794,2943.882379276109,3078.558057018324
0,MPB,100.25798561661968,22759132.774104737,232780.2612668569,2275397.804818807
2,UCB,123.03705110207213,2244226317.9824123,39338380.70149645,230181671.0119962
4,MCS,1790316.8693783083,98349281764.32622,9607925298.735786,16023185241.722178
3,MCB,7003013947.615796,79793355715.89595,31793029169.436382,17077675320.333082
