{"t":{"0":0,"1":1,"2":2,"3":3,"4":4,"5":5,"6":6,"7":7,"8":8,"9":9,"10":10,"11":11,"12":12,"13":13,"14":14,"15":15,"16":16,"17":17,"18":18,"19":19,"20":20,"21":21,"22":22,"23":23,"24":24,"25":25,"26":26,"27":27,"28":28,"29":29,"30":30,"31":31,"32":32,"33":33,"34":34,"35":35,"36":36,"37":37,"38":38,"39":39,"40":40,"41":41,"42":42,"43":43,"44":44,"45":45,"46":46,"47":47,"48":48,"49":49,"50":50,"51":51,"52":52,"53":53,"54":54,"55":55,"56":56,"57":57,"58":58,"59":59,"60":60,"61":61,"62":62,"63":63,"64":64,"65":65,"66":66,"67":67,"68":68,"69":69,"70":70,"71":71,"72":72,"73":73,"74":74,"75":75,"76":76,"77":77,"78":78,"79":79,"80":80,"81":81,"82":82,"83":83,"84":84,"85":85,"86":86,"87":87,"88":88,"89":89,"90":90,"91":91,"92":92,"93":93,"94":94,"95":95,"96":96,"97":97,"98":98,"99":99,"100":100},"population_x":{"0":[[-10.7859461998,-46.703503591,38.9090066485,-8.8646826073,-29.8724995029,-23.4534409066,8.5969506321,-20.4289242511,78.1211582245,-6.143088197]],"1":[[-27.3622528358,-47.8870107078,-22.6269302966,-27.2907435334,-10.515108287,7.6125710258,16.7799117522,-5.9048889027,42.409336938,-15.8351855631]],"2":[[-37.7634040422,-58.1658551036,-8.5212686923,-38.8525618588,1.6310927589,27.1055916719,21.914482305,3.2085216479,73.5396364272,-21.9166953002]],"3":[[-50.8162449184,-64.87264702,-40.9059709869,-53.3619725816,16.8738698668,51.5682008238,28.3580702373,14.645322767,58.2315619202,-29.54863693]],"4":[[-52.480103208,-69.2571910129,-20.2368083536,-55.2115012428,18.8168814525,54.6864733449,29.1794406425,16.1031829012,82.6332088267,-30.5214879338]],"5":[[-53.5241259831,-68.5911457814,-31.7806465893,-56.3720267861,20.0360648173,56.6430988289,29.6948267276,17.0179478139,71.8054719879,-31.1319236971]],"6":[[-54.1792199665,-69.8214477283,-27.0231871116,-57.1002228747,20.801066986,57.8708245196,30.0182165345,17.5919362411,77.8385355102,-31.5149544178]],"7":[[-54.5902724238,-69.7814336965,-29.9219460602,-57.5571447809,21.2810836389,58.6411867498,30.2211342504,17.9520973164,75.339817275,-31.7552950757]],"8":[[-54.8481959078,-70.1536430857,-28.8573550905,-57.8438500126,21.5822801538,59.1245666858,30.3484592266,18.1780879357,76.8523687366,-31.9061018616]],"9":[[-55.0100354065,-70.1923597239,-29.6026458452,-58.0237492225,21.7712722233,59.4278735632,30.4283519531,18.3198904889,76.2917466422,-32.000728742]],"10":[[-55.1115849936,-70.3121284882,-29.3776257019,-58.1366307543,21.8898592604,59.6181898238,30.4784823197,18.4088674745,76.6799125748,-32.0601043624]],"11":[[-55.1753044115,-70.3404834601,-29.5759213379,-58.2074606386,21.9642691837,59.7376077525,30.5099376696,18.4646979499,76.5608204087,-32.0973608407]],"12":[[-55.2552685813,-70.4219379041,-29.4919929442,-58.2963480309,22.0576493171,59.8874703196,30.5494123076,18.5347619552,76.7668532711,-32.1441155579]],"13":[[-55.2654616914,-70.4098389366,-29.6443943876,-58.3076785931,22.0695525733,59.9065734464,30.5544441781,18.5436930819,76.6188868333,-32.1500754273]],"14":[[-55.271857572,-70.424507001,-29.5785340615,-58.3147881919,22.077021521,59.9185601039,30.5576015309,18.5492971046,76.6985497823,-32.1538150723]],"15":[[-55.2758708013,-70.422800898,-29.616356393,-58.3192492588,22.0817080689,59.9260813835,30.5595826783,18.5528134662,76.663987214,-32.1561615911]],"16":[[-55.2783889861,-70.4270774807,-29.6012972076,-58.3220484487,22.0846487416,59.9308007682,30.5608257908,18.555019881,76.6837389134,-32.1576339636]],"17":[[-55.2799690739,-70.4271402062,-29.6108603945,-58.3238048592,22.0864939284,59.933762045,30.5616058079,18.5564043423,76.6758227527,-32.1585578347]],"18":[[-55.280960533,-70.4284640149,-29.6075427385,-58.3249069557,22.0876517296,59.9356201603,30.5620952461,18.5572730515,76.6808097415,-32.159137537]],"19":[[-55.2815826448,-70.4286651366,-29.6100280441,-58.3255984893,22.0883782162,59.9367860736,30.5624023544,18.5578181414,76.679060243,-32.1595012835]],"20":[[-55.2819730017,-70.4290998774,-29.609349122,-58.3260324066,22.0888340654,59.9375176504,30.5625950561,18.5581601694,76.6803536077,-32.1597295239]],"21":[[-55.2822179393,-70.4292214429,-29.6100201838,-58.3263046771,22.0891200976,59.9379766936,30.5627159708,18.5583747821,76.6799932279,-32.1598727382]],"22":[[-55.2825253216,-70.4295222329,-29.6097869483,-58.3266463607,22.0894790514,59.9385527662,30.5628677121,18.5586441085,76.6806897344,-32.160052464]],"23":[[-55.2825645037,-70.4294879238,-29.6102842782,-58.3266899155,22.0895248075,59.9386261987,30.5628870548,18.5586784398,76.6802154919,-32.160075374]],"24":[[-55.2825890893,-70.4295383288,-29.610074487,-58.3267172448,22.0895535182,59.9386722755,30.5628991919,18.5586999817,76.6804753805,-32.1600897494]],"25":[[-55.2826045159,-70.429534701,-29.6101986168,-58.3267343932,22.0895715333,59.9387011874,30.5629068077,18.5587134986,76.6803652319,-32.1600987696]],"26":[[-55.2826141956,-70.429549704,-29.6101511488,-58.3267451533,22.0895828373,59.9387193287,30.5629115865,18.5587219801,76.680430027,-32.1601044296]],"27":[[-55.2826202693,-70.429550649,-29.610182803,-58.3267519049,22.0895899302,59.9387307119,30.5629145851,18.558727302,76.6804050525,-32.1601079812]],"28":[[-55.2826240802,-70.4295553927,-29.6101725528,-58.3267561414,22.0895943808,59.9387378545,30.5629164668,18.5587306413,76.6804215488,-32.1601102097]],"29":[[-55.2826264714,-70.4295563349,-29.6101808796,-58.3267587996,22.0895971734,59.9387423363,30.5629176475,18.5587327366,76.6804161341,-32.1601116082]],"30":[[-55.2826279717,-70.4295579232,-29.6101788711,-58.3267604676,22.0895989257,59.9387451484,30.5629183885,18.5587340514,76.6804204636,-32.1601124857]],"31":[[-55.2826298543,-70.429558939,-29.6101834408,-58.3267625608,22.0896011247,59.9387486776,30.5629193186,18.5587357013,76.6804183225,-32.1601135872]],"32":[[-55.2826300941,-70.4295595475,-29.6101805482,-58.3267628277,22.089601405,59.9387491274,30.5629194373,18.5587359116,76.6804217619,-32.1601137277]],"33":[[-55.2826302445,-70.4295594551,-29.610182174,-58.3267629951,22.0896015809,59.9387494097,30.5629195119,18.5587360436,76.6804202444,-32.160113816]],"34":[[-55.2826303388,-70.4295596295,-29.6101815077,-58.3267631001,22.0896016913,59.9387495868,30.5629195588,18.5587361264,76.6804210937,-32.1601138714]],"35":[[-55.2826303978,-70.429559625,-29.6101819162,-58.3267631661,22.0896017605,59.938749698,30.5629195883,18.5587361784,76.6804207436,-32.1601139063]],"36":[[-55.2826304348,-70.4295596781,-29.6101817674,-58.3267632074,22.089601804,59.9387497677,30.5629196069,18.558736211,76.6804209567,-32.1601139282]],"37":[[-55.2826304579,-70.429559684,-29.6101818726,-58.3267632334,22.0896018313,59.9387498115,30.5629196187,18.5587362314,76.6804208784,-32.1601139421]],"38":[[-55.2826304724,-70.4295597011,-29.6101818412,-58.3267632497,22.0896018484,59.9387498389,30.5629196262,18.5587362443,76.6804209331,-32.1601139508]],"39":[[-55.2826304813,-70.4295597053,-29.6101818693,-58.3267632599,22.0896018591,59.9387498561,30.5629196309,18.5587362523,76.6804209166,-32.1601139564]],"40":[[-55.2826304924,-70.4295597169,-29.6101818577,-58.3267632727,22.0896018726,59.9387498778,30.5629196371,18.5587362624,76.6804209457,-32.1601139636]],"41":[[-55.2826304936,-70.4295597153,-29.6101818792,-58.3267632743,22.0896018743,59.9387498805,30.5629196381,18.5587362637,76.6804209249,-32.1601139646]],"42":[[-55.2826304943,-70.4295597173,-29.6101818699,-58.3267632754,22.0896018754,59.9387498822,30.5629196388,18.5587362645,76.6804209361,-32.1601139653]],"43":[[-55.2826304947,-70.4295597171,-29.6101818753,-58.326763276,22.089601876,59.9387498833,30.5629196393,18.558736265,76.6804209313,-32.1601139659]],"44":[[-55.2826304948,-70.4295597177,-29.6101818732,-58.3267632764,22.0896018765,59.938749884,30.5629196397,18.5587362654,76.6804209341,-32.1601139663]],"45":[[-55.2826304948,-70.4295597177,-29.6101818745,-58.3267632767,22.0896018767,59.9387498844,30.5629196401,18.5587362656,76.680420933,-32.1601139666]],"46":[[-55.2826304947,-70.4295597179,-29.610181874,-58.3267632768,22.0896018769,59.9387498847,30.5629196404,18.5587362657,76.6804209337,-32.1601139669]],