{"t":{"0":0,"1":1,"2":2,"3":3,"4":4,"5":5,"6":6,"7":7,"8":8,"9":9,"10":10,"11":11,"12":12,"13":13,"14":14,"15":15,"16":16,"17":17,"18":18,"19":19,"20":20,"21":21,"22":22,"23":23,"24":24,"25":25,"26":26,"27":27,"28":28,"29":29,"30":30,"31":31,"32":32,"33":33,"34":34,"35":35,"36":36,"37":37,"38":38,"39":39,"40":40,"41":41,"42":42,"43":43,"44":44,"45":45,"46":46,"47":47,"48":48,"49":49,"50":50,"51":51,"52":52,"53":53,"54":54,"55":55,"56":56,"57":57,"58":58,"59":59,"60":60,"61":61,"62":62,"63":63,"64":64,"65":65,"66":66,"67":67,"68":68,"69":69,"70":70,"71":71,"72":72,"73":73,"74":74,"75":75,"76":76,"77":77,"78":78,"79":79,"80":80,"81":81,"82":82,"83":83,"84":84,"85":85,"86":86,"87":87,"88":88,"89":89,"90":90,"91":91,"92":92,"93":93,"94":94,"95":95,"96":96,"97":97,"98":98,"99":99,"100":100},"population_x":{"0":[[-26.6939283613,-1.8739785059,-43.9693384739,-38.3308406926,30.6941586133,64.96897374,3.8294102909,-1.0907649232,91.0447595904,-31.659494979]],"1":[[-47.8025062782,-103.3898385079,0.2823004526,-53.2289639752,24.283264267,61.2211649149,23.9442653352,13.5492543067,60.1352284073,-32.194099014]],"2":[[-50.4932371908,-73.017045451,-28.0364054943,-55.1280422035,23.4660613451,60.743428088,26.5083254151,15.415431761,67.1829631513,-32.2622455031]],"3":[[-52.1815927305,-69.9902295758,-25.7064716004,-56.3196586618,22.9532902349,60.4436620978,28.1171986773,16.5864039387,76.8519261949,-32.3050054438]],"4":[[-53.2409868224,-69.4515768204,-29.4529318841,-57.0673633969,22.6315412489,60.255567641,29.1267199405,17.3211549871,74.8120873423,-32.3318360624]],"5":[[-53.9057258645,-69.8915602971,-28.5233192583,-57.5365264125,22.4296531005,60.1375438298,29.7601652233,17.7821899402,76.6378122851,-32.3486714937]],"6":[[-54.3228303196,-70.0128053656,-29.4337372052,-57.830912585,22.3029741482,60.0634873145,30.1576337458,18.0714759896,76.1252713215,-32.3592352352]],"7":[[-54.5845512602,-70.2002654897,-29.2550226137,-58.0156313623,22.2234867831,60.0170190009,30.4070337017,18.2529945876,76.5950270477,-32.3658636733]],"8":[[-54.9129958522,-70.3374642292,-29.760291839,-58.247442703,22.1237347549,59.9587039654,30.7200161591,18.4807898892,76.4021440259,-32.3741819725]],"9":[[-54.9548630099,-70.4047545562,-29.4662584542,-58.2769919195,22.1110192671,59.9512704912,30.7599123294,18.5098271773,76.7599760877,-32.3752423083]],"10":[[-54.9811334395,-70.3979414348,-29.636521109,-58.2955331951,22.1030406676,59.946606202,30.7849460146,18.5280472326,76.6057018819,-32.3759076353]],"11":[[-54.9976173749,-70.4176058152,-29.5695296179,-58.3071673072,22.098034328,59.9436794959,30.8006539217,18.5394797884,76.6946133204,-32.3763251058]],"12":[[-55.0079605694,-70.41819684,-29.6126969134,-58.3144673749,22.0948929953,59.9418430728,30.8105101738,18.5466533853,76.6593900632,-32.3765870534]],"13":[[-55.0144506271,-70.424323173,-29.5980251751,-58.3190479554,22.0929219002,59.9406907706,30.8166946823,18.5511546091,76.6818966205,-32.376751415]],"14":[[-55.0185229534,-70.4253460532,-29.609285518,-58.3219221367,22.0916850953,59.9399677344,30.8205752783,18.5539789963,76.674155886,-32.3768545442]],"15":[[-55.0210782234,-70.4273705475,-29.6063201563,-58.323725602,22.090909036,59.9395140502,30.8230102361,18.5557512174,76.680014216,-32.3769192518]],"16":[[-55.0226815846,-70.4279631828,-29.6093757881,-58.3248572242,22.0904220814,59.9392293766,30.8245380978,18.5568632346,76.6784383551,-32.3769598511]],"17":[[-55.0246937169,-70.429371183,-29.6083913043,-58.3262773443,22.0898109816,59.9388721276,30.8264554684,18.5582587517,76.6816087196,-32.3770107949]],"18":[[-55.0249502123,-70.4292250887,-29.6106277419,-58.3264583684,22.0897330842,59.9388265888,30.8266998703,18.5584366396,76.6794897421,-32.3770172828]],"19":[[-55.0251111592,-70.4294557742,-29.6096924559,-58.3265719557,22.0896842058,59.9387980144,30.8268532218,18.5585482591,76.6806583141,-32.3770213509]],"20":[[-55.0252121522,-70.4294425311,-29.6102517697,-58.3266432285,22.089653536,59.9387800849,30.8269494419,18.5586182971,76.6801671662,-32.3770239006]],"21":[[-55.0252755259,-70.4295116556,-29.6100409622,-58.3266879501,22.0896342916,59.9387688346,30.8270098136,18.5586622439,76.6804590799,-32.3770254975]],"22":[[-55.0253152945,-70.4295170775,-29.6101840146,-58.3267160116,22.0896222163,59.9387617754,30.8270476916,18.5586898192,76.6803481312,-32.3770264966]],"23":[[-55.0253402516,-70.4295390804,-29.6101388331,-58.3267336194,22.0896146394,59.9387573459,30.8270714553,18.558707122,76.6804226651,-32.3770271205]],"24":[[-55.025355915,-70.42954377,-29.6101766207,-58.3267446677,22.0896098851,59.9387545666,30.8270863627,18.5587179789,76.6803987822,-32.3770275091]],"25":[[-55.0253657468,-70.4295511807,-29.6101679161,-58.3267516003,22.0896069019,59.9387528226,30.8270957132,18.5587247914,76.6804184235,-32.37702775]],"26":[[-55.0253780921,-70.429556101,-29.6101887668,-58.3267603002,22.0896031582,59.938750634,30.8271074403,18.5587333406,76.6804091296,-32.3770280464]],"27":[[-55.0253796727,-70.4295588748,-29.6101758515,-58.3267614092,22.089602681,59.9387503551,30.827108928,18.5587344303,76.6804245807,-32.3770280783]],"28":[[-55.025380668,-70.4295584899,-29.6101831668,-58.326762105,22.0896023815,59.93875018,30.8271098579,18.5587351141,76.6804178044,-32.3770280954]],"29":[[-55.025381296,-70.42955929,-29.6101801997,-58.3267625417,22.0896021937,59.9387500702,30.8271104378,18.5587355432,76.6804216254,-32.3770281032]],"30":[[-55.0253816935,-70.4295592816,-29.6101820418,-58.3267628156,22.0896020758,59.9387500012,30.8271107981,18.5587358124,76.6804200663,-32.3770281051]],"31":[[-55.0253819464,-70.4295595265,-29.6101813824,-58.3267629875,22.0896020018,59.938749958,30.8271110206,18.5587359814,76.6804210272,-32.3770281034]],"32":[[-55.0253821086,-70.4295595575,-29.6101818583,-58.3267630954,22.0896019554,59.9387499309,30.8271111566,18.5587360874,76.6804206797,-32.3770280994]],"33":[[-55.0253822139,-70.4295596371,-29.6101817209,-58.3267631631,22.0896019262,59.9387499138,30.8271112384,18.5587361539,76.6804209275,-32.3770280939]],"34":[[-55.0253822834,-70.4295596576,-29.6101818484,-58.3267632056,22.089601908,59.9387499032,30.8271112862,18.5587361956,76.6804208547,-32.3770280876]],"35":[[-55.0253823305,-70.4295596849,-29.6101818236,-58.3267632322,22.0896018965,59.9387498964,30.8271113125,18.5587362218,76.6804209209,-32.3770280806]],"36":[[-55.0253823966,-70.429559705,-29.6101818952,-58.3267632657,22.0896018821,59.938749888,30.8271113385,18.5587362547,76.6804208943,-32.3770280661]],"37":[[-55.025382412,-70.4295597145,-29.610181854,-58.3267632699,22.0896018803,59.938749887,30.8271113346,18.5587362588,76.6804209447,-32.3770280583]],"38":[[-55.0253824251,-70.4295597136,-29.610181878,-58.3267632726,22.0896018791,59.9387498863,30.8271113286,18.5587362615,76.680420923,-32.3770280506]],"39":[[-55.0253824486,-70.4295597191,-29.6101818593,-58.3267632759,22.0896018777,59.9387498854,30.827111314,18.5587362648,76.6804209481,-32.3770280349]],"40":[[-55.0253824585,-70.4295597166,-29.6101818808,-58.3267632764,22.0896018775,59.9387498853,30.8271113049,18.5587362652,76.6804209257,-32.377028027]],"41":[[-55.025382478,-70.4295597198,-29.6101818605,-58.3267632769,22.0896018773,59.9387498852,30.8271112865,18.5587362657,76.6804209482,-32.3770280113]],"42":[[-55.0253824874,-70.4295597171,-29.6101818811,-58.326763277,22.0896018772,59.9387498852,30.8271112769,18.5587362658,76.6804209263,-32.3770280034]],"43":[[-55.0253825063,-70.4295597199,-29.610181861,-58.3267632771,22.0896018772,59.9387498852,30.8271112579,18.5587362659,76.6804209479,-32.3770279876]],"44":[[-55.0253825156,-70.4295597172,-29.610181881,-58.3267632771,22.0896018772,59.9387498852,30.8271112483,18.5587362659,76.6804209266,-32.3770279798]],"45":[[-55.0253825343,-70.4295597199,-29.6101818614,-58.3267632771,22.0896018772,59.9387498852,30.8271112291,18.5587362659,76.6804209475,-32.377027964]],"46":[[-55.0253825437,-70.4295597172,-29.6101818808,-58.3267632771,22.0896018772,59.9387498852,30.8271112195,18.5587362659,76.6804209268,-32.3770279561]],