{"t":{"0":0,"1":1,"2":2,"3":3,"4":4,"5":5,"6":6,"7":7,"8":8,"9":9,"10":10,"11":11,"12":12,"13":13,"14":14,"15":15,"16":16,"17":17,"18":18,"19":19,"20":20,"21":21,"22":22,"23":23,"24":24,"25":25,"26":26,"27":27,"28":28,"29":29,"30":30,"31":31,"32":32,"33":33,"34":34,"35":35,"36":36,"37":37,"38":38,"39":39,"40":40,"41":41,"42":42,"43":43,"44":44,"45":45,"46":46,"47":47,"48":48,"49":49,"50":50,"51":51,"52":52,"53":53,"54":54,"55":55,"56":56,"57":57,"58":58,"59":59,"60":60,"61":61,"62":62,"63":63,"64":64,"65":65,"66":66,"67":67,"68":68,"69":69,"70":70,"71":71,"72":72,"73":73,"74":74,"75":75,"76":76,"77":77,"78":78,"79":79,"80":80,"81":81,"82":82,"83":83,"84":84,"85":85,"86":86,"87":87,"88":88,"89":89,"90":90,"91":91,"92":92,"93":93,"94":94,"95":95,"96":96,"97":97,"98":98,"99":99,"100":100},"population_x":{"0":[[6.2751060068,-7.7409769636,75.1883175823,82.6911500416,34.7197166868,10.5676901456,21.6748620722,16.727800081,-82.5993861946,34.4418070348]],"1":[[6.105848955,-7.8205873784,74.5896761429,82.4613411523,35.4331479726,10.7148893107,21.737340166,16.4511624398,-82.9993898036,34.1189069793]],"2":[[6.3904560591,-7.9009937843,74.5903536749,82.3056279158,34.8577586699,10.8640813351,21.800448829,16.410659292,-83.4034380661,34.3780178748]],"3":[[6.2837636587,-7.9223100879,74.5818378226,82.2771154512,35.1474733944,10.8983588889,21.8170737783,16.414537013,-83.5100978702,34.2502425896]],"4":[[6.2573500071,-7.978557416,74.5545839587,82.1912712658,35.2244180738,10.9736030484,21.8606363634,16.445157839,-83.7902259328,34.2282325441]],"5":[[6.2821441529,-7.9719114227,74.551647159,82.1886311004,35.1653709439,10.9483730026,21.8551589242,16.4614842289,-83.7557135835,34.2595735487]],"6":[[6.2722518095,-7.9574412864,74.5379725505,82.1724962687,35.1983927716,10.87374963,21.8428265731,16.5197458216,-83.6788676242,34.2645329802]],"7":[[6.291321314,-7.9646131977,74.5299850614,82.1578194912,35.1607851925,10.8680188829,21.8480520223,16.5385157224,-83.7132603353,34.2953254135]],"8":[[6.2712562608,-7.9674113648,74.5238582202,82.1458838589,35.2192391828,10.853279757,21.8498215105,16.5569398461,-83.7255974053,34.2851212564]],"9":[[6.2847027824,-7.9683547088,74.5210051376,82.1406944777,35.1919517359,10.8451181722,21.8503467363,16.5654991174,-83.7294804502,34.3072812386]],"10":[[6.2655734052,-7.996893979,74.4339037726,81.9829292978,35.4326053471,10.5833832212,21.8658633337,16.8283592318,-83.84567353,34.5389504162]],"11":[[6.3138652853,-7.9966581796,74.4349777205,81.9853791285,35.3386154349,10.5762766861,21.8654697146,16.8260125252,-83.8439111216,34.6217433343]],"12":[[6.2958728744,-7.9972167805,74.4427545675,82.0022891475,35.5747521825,10.5252961778,21.8642562278,16.8066916864,-83.8422137679,34.8282075652]],"13":[[6.3399691809,-7.9987273723,74.4431776154,82.0024763455,35.4973885138,10.5226416841,21.8652461582,16.8042260658,-83.8493320626,34.9184285675]],"14":[[6.3185921638,-8.0074822981,74.4470984841,82.0061513577,35.7843772077,10.4948449007,21.8705359604,16.7868256457,-83.8895129879,35.1647115399]],"15":[[6.3689347718,-8.0065547233,74.4477609892,82.0079303633,35.6907534211,10.4876075389,21.8696014001,16.7863219405,-83.8843744356,35.2563724123]],"16":[[6.3589108037,-8.0057807539,74.4487926099,82.0106955282,35.7629021523,10.475578413,21.8685875598,16.7848955341,-83.879568429,35.2861891893]],"17":[[6.385173953,-8.0062914019,74.4495099816,82.0123795325,35.7395198188,10.4665567234,21.868590419,16.7830057141,-83.8812718264,35.36366265]],"18":[[6.3721955569,-8.0066656565,74.4498397818,82.0130196919,35.7878998177,10.462425093,21.8686864618,16.7820592262,-83.8827349472,35.3629755843]],"19":[[6.4068067408,-8.0097225929,74.452351756,82.0177795783,35.8340651626,10.4299922816,21.8695068945,16.7746988474,-83.8947998489,35.545039088]],"20":[[6.3857485526,-8.0101270135,74.4525523235,82.0180810935,35.8923796233,10.4264656055,21.8696294323,16.7740168398,-83.8964623926,35.5221555819]],"21":[[6.3952005353,-8.0108931817,74.4529432662,82.0187044906,35.8838404614,10.4194288602,21.8698413369,16.7727370627,-83.899581423,35.5495285615]],"22":[[6.3904432081,-8.0112472671,74.4531262344,82.019019938,35.901196719,10.4159550251,21.8699249243,16.7721678434,-83.901003818,35.5487673309]],"23":[[6.4032762118,-8.0140298671,74.45453237,82.0214750788,35.9148872798,10.3884730383,21.8705562435,16.7678216643,-83.9121664364,35.6120644233]],"24":[[6.3950384884,-8.0143345508,74.4546521171,82.0217038616,35.9371148658,10.3853554688,21.8706032501,16.767470284,-83.9133797744,35.6028504147]],"25":[[6.398684649,-8.0149417169,74.4548811574,82.0221323698,35.9330286568,10.3792078472,21.8706960489,16.7667901274,-83.915803424,35.6127783623]],"26":[[6.3947917508,-8.0155404056,74.4550904833,82.0225124076,35.9463659717,10.3732241067,21.8707831916,16.7661577238,-83.918200236,35.6113172049]],"27":[[6.3979560188,-8.0158331411,74.4551863722,82.0226848687,35.9405323086,10.3703067577,21.8708220558,16.7658662968,-83.9193730548,35.6175881368]],"28":[[6.3948745878,-8.0181472869,74.4559217819,82.0240055701,35.9608587103,10.3472542429,21.8711130911,16.7636292622,-83.9286459092,35.6263789252]],"29":[[6.3997224298,-8.0184090501,74.4559833485,82.0241148637,35.9500098488,10.3446540977,21.8711297615,16.7634407041,-83.9296960384,35.6340330338]],"30":[[6.3980779339,-8.0189261532,74.4561014683,82.0243251342,35.9553387087,10.339516567,21.8711585137,16.7630795216,-83.9317706104,35.6331166858]],"31":[[6.4006751238,-8.0194307095,74.4562099356,82.0245189743,35.9503323304,10.334503156,21.87117832,16.7627486071,-83.9337951467,35.6380405521]],"32":[[6.3990375164,-8.0196769527,74.4562597152,82.0246080441,35.9547757333,10.3320570699,21.8711839342,16.7625968513,-83.9347834353,35.6362450447]],"33":[[6.4019895506,-8.0216234295,74.4566415688,82.0252914185,35.9516178615,10.3127248153,21.8712122043,16.7614328805,-83.9425965755,35.644423969]],"34":[[6.399329821,-8.0218436502,74.4566735815,82.025348793,35.9582142121,10.3105409341,21.8711993824,16.7613353845,-83.9434815751,35.6408744026]],"35":[[6.401423028,-8.0227141492,74.4567963487,82.0255687455,35.954055393,10.3019101127,21.8711408011,16.7609614137,-83.9469804102,35.6447163706]],"36":[[6.3995658671,-8.0229215328,74.4568219767,82.0256146118,35.9586571994,10.2998556088,21.8711189702,16.7608832958,-83.9478145217,35.6422356574]],"37":[[6.4010268609,-8.0237413242,74.4569202661,82.0257905398,35.9557423857,10.2917356049,21.8710248395,16.7605837167,-83.9511123514,35.6449064213]],"38":[[6.3997287973,-8.0239366676,74.4569407884,82.0258272859,35.958956724,10.2898022235,21.8709946049,16.7605211794,-83.951898749,35.6431703895]],"39":[[6.4017710658,-8.0254811608,74.4570981983,82.026109124,35.9548675855,10.2745187866,21.870740051,16.7600414964,-83.9581176369,35.6468863717]],"40":[[6.3997004711,-8.0256562579,74.4571113841,82.0261327257,35.9598711091,10.2727890152,21.8706957727,16.7600013077,-83.9588238608,35.6439912948]],"41":[[6.4012669498,-8.0263485369,74.4571619529,82.0262232472,35.9562952073,10.2659513456,21.8705130934,16.7598471862,-83.9616166765,35.6463959422]],"42":[[6.3998206754,-8.0265136107,74.4571725102,82.0262421495,35.9597894928,10.2643222011,21.8704619433,16.7598150143,-83.9622832544,35.6443731345]],"43":[[6.4009158208,-8.0271662998,74.4572129976,82.0263146389,35.9572879473,10.2578819476,21.8702521589,16.7596916327,-83.9649195022,35.6460512664]],"44":[[6.3999044979,-8.0273219709,74.4572214496,82.0263297703,35.9597306416,10.2563471417,21.870194608,16.759665875,-83.9655489186,35.6446365193]],"45":[[6.4014362531,-8.0285530607,74.4572862769,82.0264458306,35.9562280149,10.2442118342,21.8697245395,16.7594683123,-83.9705278514,35.6469805583]],"46":[[6.39983018,-8.0286928891,74.4572917065,82.0264555518,35.9600823752,10.2428358152,21.8696562864,16.7594517661,-83.9710947034,35.6447078955]],"47":[[6.4010332997,-8.0292458445,74.4573125289,82.0264928321,35.9572383056,10.2373953723,21.8693790353,16.7593883107,-83.9733370356,35.6464542449]],