{"t":{"0":0,"1":1,"2":2,"3":3,"4":4,"5":5,"6":6,"7":7,"8":8,"9":9,"10":10,"11":11,"12":12,"13":13,"14":14,"15":15,"16":16,"17":17,"18":18,"19":19,"20":20,"21":21,"22":22,"23":23,"24":24,"25":25,"26":26,"27":27,"28":28,"29":29,"30":30,"31":31,"32":32,"33":33,"34":34,"35":35,"36":36,"37":37,"38":38,"39":39,"40":40,"41":41,"42":42,"43":43,"44":44,"45":45,"46":46,"47":47,"48":48,"49":49,"50":50,"51":51,"52":52,"53":53,"54":54,"55":55,"56":56,"57":57,"58":58,"59":59,"60":60,"61":61,"62":62,"63":63,"64":64,"65":65,"66":66,"67":67,"68":68,"69":69,"70":70,"71":71,"72":72,"73":73,"74":74,"75":75,"76":76,"77":77,"78":78,"79":79,"80":80,"81":81,"82":82,"83":83,"84":84,"85":85,"86":86,"87":87,"88":88,"89":89,"90":90,"91":91,"92":92,"93":93,"94":94,"95":95,"96":96,"97":97,"98":98,"99":99,"100":100},"population_x":{"0":[[-48.2304239773,68.6281145269,-60.8869101851,2.9284105711,-24.8423614805,4.5982174898,-13.0854104543,-58.0898991719,18.4481747728,53.121359434]],"1":[[-48.2394219787,68.0989727631,-60.0516810956,2.6052560488,-24.8479483754,4.5733963692,-12.9587450011,-58.0056891606,17.950241971,53.1330916206]],"2":[[-48.2555293449,67.6051374896,-60.4198497636,2.7991866265,-24.8573677618,3.9283322819,-12.8919652719,-58.0126005362,17.8923986327,53.1542668815]],"3":[[-48.2618514671,67.6363914252,-60.0750045541,2.6219257976,-24.8604682581,3.7018784843,-12.8702820961,-58.0035953024,17.7207184501,53.1627457304]],"4":[[-48.267497725,67.647113229,-60.2260398138,2.6954207615,-24.862936515,3.5508973283,-12.863654163,-58.0099945507,17.668531216,53.1703817912]],"5":[[-48.2725450118,67.6471228149,-60.1580746625,2.6642204335,-24.8648421984,3.477553924,-12.8592903178,-58.0060372892,17.6358055936,53.1772606081]],"6":[[-48.2770640207,67.6461299828,-60.1893213151,2.6776328578,-24.8662493344,3.4413257476,-12.8576869664,-58.0084263176,17.6212858332,53.1834610458]],"7":[[-48.2851739159,67.6442072663,-60.1606768932,2.6660897514,-24.8681829147,3.4064054913,-12.8568378685,-58.0058388166,17.6068393526,53.1946492226]],"8":[[-48.2884144116,67.6438985965,-60.1881172944,2.6768729181,-24.868371931,3.4068781482,-12.8576522535,-58.0085234773,17.607070432,53.199157846]],"9":[[-48.2913528267,67.6437402677,-60.1755392706,2.6722089333,-24.8682678617,3.4071254179,-12.858427174,-58.0071513765,17.6070682632,53.2032443997]],"10":[[-48.2940289972,67.643638663,-60.1813099933,2.6742487081,-24.86790718,3.407237875,-12.8591799403,-58.0078619032,17.6070212957,53.2069553974]],"11":[[-48.2989270315,67.6434689029,-60.1760058032,2.6724842197,-24.866737091,3.4073413111,-12.8606392704,-58.0071884766,17.6068692899,53.2137092643]],"12":[[-48.3009831149,67.643396634,-60.1810807122,2.6741578024,-24.8657598334,3.4073326317,-12.8613273222,-58.0078857936,17.6067729386,53.2164910662]],"13":[[-48.3048109076,67.6432512679,-60.1764157466,2.6727056917,-24.8635139511,3.4073179319,-12.8626665871,-58.0072385757,17.6065855863,53.2215923156]],"14":[[-48.3064806777,67.6431810444,-60.1808775029,2.6740893212,-24.8621373538,3.4073116504,-12.8633007594,-58.0079050187,17.6064977294,53.2237309711]],"15":[[-48.309646509,67.6430447553,-60.176775586,2.6728859126,-24.8591970884,3.4072995266,-12.8645355126,-58.0072964212,17.6063262279,53.2276870247]],"16":[[-48.3110816102,67.6429803996,-60.1806973585,2.674038096,-24.8575647348,3.4072937487,-12.8651201997,-58.0079216283,17.6062450368,53.229378322]],"17":[[-48.3138490006,67.6428550286,-60.1770911282,2.6730343117,-24.8541813849,3.4072825333,-12.8662585592,-58.0073583794,17.6060868946,53.2325360145]],"18":[[-48.3151462697,67.6427956524,-60.1805375927,2.674000238,-24.8523873224,3.4072772177,-12.8667975464,-58.0079370257,17.6060120357,53.2339136033]],"19":[[-48.3202191668,67.6425644557,-60.1741975157,2.6723157491,-24.8450629844,3.4072565352,-12.8688962752,-58.006906927,17.6057205071,53.2391058854]],"20":[[-48.3213914493,67.6425128029,-60.1818377211,2.6743662271,-24.8431051511,3.4072519111,-12.8693652134,-58.0082245273,17.605655374,53.2401182599]],"21":[[-48.3225572814,67.6424625203,-60.1783312906,2.6734592218,-24.8411339728,3.4072474125,-12.8698216843,-58.0076219325,17.6055919667,53.2410882502]],"22":[[-48.3248797072,67.6423646286,-60.1815369187,2.6742895326,-24.8371693572,3.4072386536,-12.8707103494,-58.0082163371,17.6054685268,53.242951456]],"23":[[-48.3260347026,67.6423182866,-60.1784543864,2.6735193824,-24.8351687094,3.4072345074,-12.87113104,-58.0076724252,17.6054100905,53.2438134466]],"24":[[-48.3306525067,67.6421378526,-60.1840876081,2.6749391797,-24.8271426914,3.4072183635,-12.8727690156,-58.008747348,17.6051825674,53.247147714]],"25":[[-48.3318078098,67.6420975496,-60.177259288,2.6732703913,-24.8251181371,3.4072147575,-12.8731348853,-58.0075022016,17.6051317461,53.2478778628]],"26":[[-48.332966047,67.6420583207,-60.1803853172,2.6740312439,-24.8230932434,3.4072112476,-12.8734910045,-58.0080960996,17.6050822793,53.2485911865]],"27":[[-48.3376111944,67.641905588,-60.1746348648,2.6726934677,-24.8149943367,3.4071975822,-12.8748775097,-58.0070554858,17.6048896866,53.251382594]],"28":[[-48.3387845982,67.6418714784,-60.1815621211,2.6743366393,-24.8129725276,3.4071945304,-12.8751871559,-58.0083783459,17.6048466752,53.2520236894]],"29":[[-48.3399611328,67.6418382791,-60.1783832596,2.673602639,-24.8109528469,3.4071915599,-12.8754885389,-58.007781526,17.6048048116,53.2526549671]],"30":[[-48.3446791826,67.6417090262,-60.184192194,2.6749678608,-24.8028833749,3.4071799954,-12.8766618937,-58.0089459228,17.6046418266,53.2551436364]],"31":[[-48.3458696119,67.6416801645,-60.1771519789,2.6733600662,-24.800876422,3.407177413,-12.8769238994,-58.0075953518,17.6046054326,53.2557322054]],"32":[[-48.3470621387,67.6416520739,-60.1803747236,2.6740984722,-24.798872505,3.4071748997,-12.8771789054,-58.0082341113,17.604570011,53.2563146581]],"33":[[-48.3518398203,67.6415427139,-60.1744478814,2.6727927588,-24.7908692978,3.407165115,-12.8781716738,-58.0071165358,17.6044321104,53.2586216068]],"34":[[-48.3530406651,67.6415182972,-60.1815879493,2.6744006503,-24.7888817772,3.4071629303,-12.8783933283,-58.0085298925,17.6044013214,53.2591772254]],"35":[[-48.3542423903,67.6414945334,-60.178312013,2.6736786124,-24.7868977006,3.4071608041,-12.8786090554,-58.0078941298,17.6043713558,53.2597288339]],"36":[[-48.3566472266,67.641448277,-60.1813052305,2.6743535819,-24.7829365369,3.4071566655,-12.8790289705,-58.0085098174,17.6043130275,53.260824513]],"37":[[-48.357850609,67.6414263861,-60.1784268351,2.6737263167,-24.7809631321,3.4071547068,-12.8792276953,-58.0079488111,17.6042854236,53.2613653073]],"38":[[-48.3626647571,67.6413411655,-60.1836842156,2.6749048992,-24.7730840655,3.4071470819,-12.8800013262,-58.0090415623,17.6041779623,53.2635159437]],"39":[[-48.3638679023,67.6413221412,-60.1773110461,2.6735187462,-24.7711295751,3.4071453798,-12.8801740288,-58.007779589,17.604153973,53.2640420456]],"40":[[-48.365070381,67.6413036262,-60.1802276126,2.6741598126,-24.7691789422,3.4071437232,-12.8803421078,-58.008374988,17.6041306259,53.2645658195]],"41":[[-48.3698770719,67.641231549,-60.1748624656,2.6730253223,-24.7613920327,3.4071372743,-12.8809964231,-58.0073408318,17.6040397382,53.266652088]],"42":[[-48.3710746387,67.64121546,-60.1813240226,2.6744290392,-24.7594616536,3.4071358347,-12.8811424785,-58.0086514145,17.6040194504,53.267165548]],"43":[[-48.3722707356,67.641199802,-60.1783590593,2.6737972049,-24.7575354062,3.4071344338,-12.8812846213,-58.0080646254,17.603999706,53.2676772972]],"44":[[-48.3770487978,67.641138848,-60.1837749987,2.6749868746,-24.7498471476,3.4071289801,-12.8818379604,-58.0092026488,17.6039228444,53.2697177575]],"45":[[-48.3782362192,67.6411252429,-60.1772103668,2.6735860164,-24.7479425468,3.4071277628,-12.8819614678,-58.0078864276,17.6039056885,53.270221888]],"46":[[-48.3794215285,67.6411120024,-60.1802146269,2.6742351271,-24.7460423693,3.4071265781,-12.8820816649,-58.0085058157,17.6038889925,53.2707246832]],