,name,min,max,mean,std
0,Classic evolution,901.0786982223444,903.1792123647924,902.1119145846798,0.4490384232615085
